Scenario,Framework,Samples,Mean (ms),Median (ms),p95 (ms),Min (ms),Max (ms),StdDev (ms),Target Rebuilds,Static Rebuilds,Allocations,Notes
"A1_10k_increments","Graft",15,1.425,0.969,2.766,0.422,4.940,1.240,0,0,0,"In-place state mutation (Zero-GC)"
"A1_10k_increments","Riverpod (Notifier)",15,1.318,0.695,3.146,0.550,7.253,1.764,0,0,0,"Class-based Notifier architecture"
"A1_10k_increments","Riverpod (StateNotifier)",15,2.087,1.316,4.451,0.954,10.063,2.361,0,0,0,"StateNotifier legacy architecture"
"A1_10k_increments","BLoC (Cubit)",15,0.731,0.398,2.368,0.154,2.769,0.884,0,0,0,"StreamController async microtask dispatch"
"A1_10k_increments","Signals",15,4.603,2.799,6.175,2.553,24.374,5.546,0,0,0,"Fine-grained signal graph"
"A1_10k_increments","GetX",15,0.455,0.132,1.237,0.127,3.799,0.968,0,0,0,"RxInt observer with worker"
"A1_10k_increments","Provider",15,0.192,0.140,0.373,0.138,0.441,0.100,0,0,0,"Classical ChangeNotifier listener invocation"
"A2_100k_increments","Graft",15,5.197,4.457,5.981,3.476,14.676,2.729,0,0,0,"In-place state mutation (Zero-GC)"
"A2_100k_increments","Riverpod (Notifier)",15,7.972,7.645,10.876,6.181,11.683,1.498,0,0,0,"Class-based Notifier architecture"
"A2_100k_increments","Riverpod (StateNotifier)",15,10.104,9.827,11.524,8.886,11.680,0.875,0,0,0,"StateNotifier legacy architecture"
"A2_100k_increments","BLoC (Cubit)",15,4.743,3.847,9.738,1.288,9.798,3.244,0,0,0,"StreamController async microtask dispatch"
"A2_100k_increments","Signals",15,32.202,31.198,36.140,25.284,48.475,5.191,0,0,0,"Fine-grained signal graph"
"A2_100k_increments","GetX",15,1.799,1.747,2.344,1.311,3.077,0.481,0,0,0,"RxInt observer with worker"
"A2_100k_increments","Provider",15,2.019,1.806,3.330,1.354,3.387,0.628,0,0,0,"Classical ChangeNotifier listener invocation"
"A3_multi_field_5","Graft",15,1.787,1.584,3.362,0.539,7.224,1.663,0,0,0,"1 dirty bitmask, 0 state allocations"
"A3_multi_field_5","Riverpod (Notifier)",15,1.528,1.038,3.055,0.589,6.168,1.437,0,0,10000,"Immutable copyWith (10000 allocations)"
"A3_multi_field_5","Riverpod (StateNotifier)",15,2.091,1.700,5.595,0.986,5.929,1.547,0,0,10000,"Immutable copyWith (10000 allocations)"
"A3_multi_field_5","BLoC (Cubit)",15,0.599,0.304,1.665,0.199,3.340,0.841,0,0,10000,"Immutable copyWith (10000 allocations)"
"A3_multi_field_5","Signals",15,10.081,9.410,11.751,8.934,15.890,1.781,0,0,0,"batch() evaluation of 5 signals"
"A3_multi_field_5","GetX",15,0.530,0.424,0.796,0.376,1.157,0.225,0,0,0,"5 individual Rx reactive updates"
"A3_multi_field_5","Provider",15,0.241,0.173,0.428,0.147,0.539,0.122,0,0,0,"In-place fields + notifyListeners()"
"A4_depth8_nested","Graft",15,0.757,0.662,1.122,0.471,1.302,0.253,0,0,0,"Cascade leaf mutation (0 copyWith objects)"
"A4_depth8_nested","Riverpod (Notifier)",15,0.819,0.696,1.505,0.274,1.816,0.488,0,0,8000,"Depth-8 copyWith (8000 allocations)"
"A4_depth8_nested","Riverpod (StateNotifier)",15,0.500,0.364,1.028,0.273,1.192,0.288,0,0,8000,"Depth-8 copyWith (8000 allocations)"
"A4_depth8_nested","BLoC (Cubit)",15,0.156,0.122,0.257,0.034,0.334,0.084,0,0,8000,"Depth-8 copyWith (8000 allocations)"
"A4_depth8_nested","Signals",15,0.448,0.355,0.661,0.229,1.398,0.307,0,0,0,"Direct leaf signal update"
"A4_depth8_nested","GetX",15,0.037,0.023,0.083,0.022,0.087,0.024,0,0,0,"Direct leaf Rx update"
"A4_depth8_nested","Provider",15,0.063,0.046,0.107,0.015,0.247,0.055,0,0,0,"In-place leaf mutate + notifyListeners()"
"B1_10_slot_column_120_frames","Graft (slots)",15,66.036,70.032,79.821,40.744,85.614,12.023,120,0,0,"0 static rebuilds via hardware bitmask diff"
"B1_10_slot_column_120_frames","Riverpod (Notifier)",15,44.197,42.577,61.554,32.191,64.362,8.899,120,0,0,"Consumer scoped rebuild"
"B1_10_slot_column_120_frames","Riverpod (StateNotifier)",15,24.411,24.576,27.547,18.988,29.917,3.058,120,0,0,"Consumer scoped rebuild"
"B1_10_slot_column_120_frames","BLoC (Cubit)",15,30.882,29.167,41.350,23.027,46.059,6.769,120,0,0,"BlocSelector fine-grained boundary"
"B1_10_slot_column_120_frames","Signals",15,3.381,3.232,5.598,1.494,7.098,1.534,0,0,0,"Watch reactive element rebuild"
"B1_10_slot_column_120_frames","GetX",15,27.740,27.273,33.579,21.428,36.897,4.224,120,0,0,"Obx reactive widget rebuild"
"B1_10_slot_column_120_frames","Provider",15,27.976,27.485,43.118,19.155,43.821,7.483,120,0,0,"Selector fine-grained filter"
"B2_50_slot_column_120_frames","Graft (slots)",15,43.607,42.573,52.355,35.454,53.075,5.385,120,0,0,"0 static rebuilds via hardware bitmask diff"
"B2_50_slot_column_120_frames","Riverpod (Notifier)",15,34.346,32.282,41.356,26.396,55.096,7.398,120,0,0,"Consumer scoped rebuild"
"B2_50_slot_column_120_frames","Riverpod (StateNotifier)",15,25.429,24.212,30.646,22.521,32.465,3.176,120,0,0,"Consumer scoped rebuild"
"B2_50_slot_column_120_frames","BLoC (Cubit)",15,23.673,22.682,25.085,22.227,32.304,2.522,120,0,0,"BlocSelector fine-grained boundary"
"B2_50_slot_column_120_frames","Signals",15,1.364,1.348,1.452,1.316,1.534,0.056,0,0,0,"Watch reactive element rebuild"
"B2_50_slot_column_120_frames","GetX",15,24.820,22.665,31.622,21.175,43.991,6.048,120,0,0,"Obx reactive widget rebuild"
"B2_50_slot_column_120_frames","Provider",15,23.232,23.036,24.094,22.107,24.652,0.693,120,0,0,"Selector fine-grained filter"
"C1_5k_items_300_rapid_updates","Graft",15,10.513,10.109,11.633,8.528,17.347,2.132,0,0,0,"Surgical leaf slot inside ListView.builder"
"C1_5k_items_300_rapid_updates","Riverpod (Notifier)",15,36.780,35.747,42.100,32.541,42.269,3.192,300,0,300,"Provider.select() item subscription"
"C1_5k_items_300_rapid_updates","BLoC (Cubit)",15,47.846,47.256,49.801,45.673,56.919,2.739,300,0,300,"BlocSelector item filtering"
"C1_5k_items_300_rapid_updates","Signals",15,4.123,3.631,5.936,3.513,6.803,1.058,0,0,0,"Item-level Signal subscription"
"C1_5k_items_300_rapid_updates","GetX",15,72.254,67.685,93.612,64.615,97.498,10.562,300,0,0,"RxList item index reactive update"
"C1_5k_items_300_rapid_updates","Provider",15,59.043,58.422,63.925,55.474,64.677,2.432,300,0,300,"Selector item diffing"
"C2_20k_items_300_rapid_updates","Graft",15,28.563,27.312,28.540,25.831,47.823,5.398,0,0,0,"Surgical leaf slot inside ListView.builder"
"C2_20k_items_300_rapid_updates","Riverpod (Notifier)",15,46.339,44.985,51.220,40.880,68.066,6.590,300,0,300,"Provider.select() item subscription"
"C2_20k_items_300_rapid_updates","BLoC (Cubit)",15,61.036,59.368,62.138,56.658,84.091,6.491,300,0,300,"BlocSelector item filtering"
"C2_20k_items_300_rapid_updates","Signals",15,5.474,3.667,11.222,3.461,12.436,2.918,0,0,0,"Item-level Signal subscription"
"C2_20k_items_300_rapid_updates","GetX",15,75.688,71.562,96.257,67.059,115.410,12.951,300,0,0,"RxList item index reactive update"
"C2_20k_items_300_rapid_updates","Provider",15,70.065,69.986,71.929,67.003,73.605,1.777,300,0,300,"Selector item diffing"
"C3_random_insert_remove_100x","Graft",15,1.337,0.730,2.938,0.652,3.124,0.990,0,0,0,"In-place List mutation + update()"
"C3_random_insert_remove_100x","BLoC (Cubit)",15,0.735,0.476,2.363,0.436,2.386,0.667,0,0,0,"List clone + emit (100 insertions, 100 removals)"
"C3_random_insert_remove_100x","Riverpod (Notifier)",15,0.890,0.505,2.500,0.451,2.563,0.817,0,0,0,"List clone + state assignment"
"C3_random_insert_remove_100x","GetX (RxList)",15,0.978,0.846,0.875,0.806,2.838,0.515,0,0,0,"RxList observable in-place mutation"
"C3_random_insert_remove_100x","Provider",15,0.774,0.452,2.742,0.406,3.078,0.870,0,0,0,"List clone + notifyListeners()"
"D1_product_catalog_and_cart","Graft",15,0.105,0.061,0.097,0.055,0.630,0.146,0,0,0,"In-place Map/fields update + recalculate (0 allocations)"
"D1_product_catalog_and_cart","BLoC (Cubit)",15,0.055,0.027,0.031,0.026,0.449,0.109,0,0,40,"Map copy + State copyWith (40 allocations)"
"D1_product_catalog_and_cart","Signals",15,0.054,0.020,0.025,0.020,0.525,0.130,0,0,0,"Signals computed DAG evaluation"
"D2_form_12_interdependent_fields","Graft",15,0.120,0.103,0.133,0.092,0.319,0.056,0,0,0,"Synchronous in-place recalculation (0 allocations)"
"D2_form_12_interdependent_fields","BLoC (Cubit)",15,0.254,0.056,0.219,0.051,2.845,0.718,0,0,100,"Immutable Form12BlocState allocations (100 objects)"
"D2_form_12_interdependent_fields","Signals",15,0.068,0.061,0.091,0.054,0.157,0.026,0,0,0,"Derived computed signals DAG"
"D3_navigation_and_dialog_sharing","Graft",15,9.237,6.035,9.045,4.756,51.407,11.716,0,0,0,"PopupRoute dialog protected, 0 premature disposal"
"D3_navigation_and_dialog_sharing","BLoC",15,6.620,5.603,12.096,4.380,13.416,2.755,0,0,0,"Manual BlocProvider.value required across Dialog route"
"E1_route_push_pop_and_dialog_lifecycle","Graft",15,9.088,6.910,13.796,5.872,28.394,5.754,0,0,0,"0 leaks: borrowed by dialog & sub-route, auto-disposed on root pop"
"E2_hot_reload_reassemble_simulation","Graft",15,1.392,1.098,2.856,0.939,3.943,0.845,0,0,0,"State retained, slot listeners intact across reassemble"
"E2_hot_reload_reassemble_simulation","BLoC",15,1.140,0.979,1.458,0.895,2.487,0.410,0,0,0,"Cubit state preserved across reassemble"
"E3_disposed_controller_access_safety","Graft",15,0.001,0.001,0.001,0.000,0.009,0.002,0,0,0,"Safe guard (isDisposed checks prevent fatal unhandled crash)"
"E3_disposed_controller_access_safety","BLoC",15,0.017,0.004,0.006,0.004,0.201,0.051,0,0,0,"Throws StateError on mutation after close"
"E3_disposed_controller_access_safety","Provider",15,0.069,0.008,0.015,0.008,0.917,0.234,0,0,0,"Throws FlutterError on notifyListeners after dispose"
